0,Go,0,3,,,
1,Obbi  - Software Development,1,1,5,10,SoftwareDevelopment
2,Crypto Mine,2,,,,
1,LibertyIT - Software Development,3,1,6,10,SoftwareDevelopment
2,Crypto Mine,4,,,,
1,Kainos - Data Science,5,2,10,12,DataScience
2,Crypto Mine,6,,,,
1,Oracle - Data Science,7,2,11,12,DataScience
1,IBM - Data Science,8,2,12,12,DataScience
0,Trade,9,1,,,
1,HTC - Virtual Reality,10,3,14,14,VR
2,Crypto Mine,11,,,,
1,Samsung - Virtual Reality,12,3,15,14,VR
1,Oculus - Virtual Reality,13,3,16,14,VR
2,Crypto Mine,14,,,,
1,Norton - Cyber,15,4,18,17,Cyber
1,OPSWAT - Cyber,16,4,19,17,Cyber
1,McAfee - Cyber,17,4,20,17,Cyber
0,Null,18,2,,,
1,Bungie - Game Development,19,5,21,19,GameDev
2,Crypto Mine,20,,,,
1,EA  - Game Development,21,5,22,19,GameDev
1,Activision  - Game Development,22,5,24,19,GameDev
1,Nvidia - Artificial Intelligence,23,6,26,21,AI
1,Amazon - Artificial Intelligence,24,6,27,21,AI
2,Crypto Mine,25,,,,
1,Google - Artificial Intelligence,26,6,28,21,AI
0,Trade,27,1,,,
1,DailyPay - Financial,28,7,30,22,Financial
1,AllState - Financial,29,7,31,22,Financial
2,Crypto Mine,30,,,,
1,PWC - Financial,31,7,32,22,Financial
0,Cyber Attack,32,4,,,
1,Siemens - Research Development,33,8,35,25,ResearchDev
1,Intel - Research Development,34,8,40,25,ResearchDev
